Number,Gridid,HBlon,HBlat,location,road_name,road_level,road_distance,live_distance,a1,a2,a3,pop,Class
34,"[17, 6, -11]",121.1957982,31.25443412,10,宝丰西路,3,205.787,0,1,0,0,1.12225893,0
37,"[23, 9, -14]",121.2021117,31.25443412,10,宝丰路,3,69.9857,0,1,0,0,1.12225893,0
38,"[25, 10, -15]",121.2042162,31.25443412,10,宝丰路,3,27.8638,0,0,1,0,1.12225893,0
63,"[12, 2, -10]",121.190537,31.25599179,10,安智路,2,148.129,737.86,0.5,0.5,0,1.12225893,0
64,"[14, 3, -11]",121.1926415,31.25599179,10,安智路,2,110.464,799.474,0,1,0,1.12225893,0
67,"[20, 6, -14]",121.198955,31.25599179,10,邓家角村路,3,23.1269,0,0,1,0,1.12225893,0
68,"[22, 7, -15]",121.2010595,31.25599179,10,邓家角村路,3,140.493,0,0.5,0.5,0,1.12225893,0
100,"[21, 5, -16]",121.2000072,31.25754946,10,邓家角村路,3,59.6126,0,0.125,0.375,0.5,1.12225893,0
107,"[35, 12, -23]",121.2147387,31.25754946,18,宝丰路,3,16.6539,0,0,1,0,1.3465355,0
111,"[43, 16, -27]",121.2231567,31.25754946,18,千秋桥路,3,195.86,203.985,0,1,0,1.3465355,0
129,"[10, -2, -12]",121.1884325,31.25910713,10,安智路,2,62.5018,659.805,1,0,0,1.12225893,0
135,"[22, 4, -18]",121.2010595,31.25910713,9,邓家角村路,3,115.578,0,0.5,0.5,0,1.952919162,0
136,"[24, 5, -19]",121.203164,31.25910713,9,邓家角村路,3,31.8681,0,1,0,0,1.952919162,0
138,"[28, 7, -21]",121.207373,31.25910713,9,嘉松北路,2,17.363,0,0,1,0,1.952919162,0
139,"[30, 8, -22]",121.2094775,31.25910713,9,嘉松北路,2,179.63,0,0,1,0,1.952919162,0
142,"[36, 11, -25]",121.215791,31.25910713,18,华浦路,3,109.284,433.726,0,1,0,1.3465355,0
166,"[11, -3, -14]",121.1894847,31.2606648,10,安智路,2,79.1299,460.317,0,1,0,1.12225893,0
169,"[17, 0, -17]",121.1957982,31.2606648,9,安智路,2,269.087,505.736,1,0,0,1.952919162,0
172,"[23, 3, -20]",121.2021117,31.2606648,9,开发路,3,87.3138,443.766,0,1,0,1.952919162,0
173,"[25, 4, -21]",121.2042162,31.2606648,9,邓家角村路,3,87.4392,355.181,0.666666667,0.333333333,0,1.952919162,0
175,"[29, 6, -23]",121.2084252,31.2606648,13,嘉松北路,2,199.294,0,1,0,0,2.550954341,0
176,"[31, 7, -24]",121.2105297,31.2606648,18,博园路,2,132.729,0,0,1,0,1.3465355,0
177,"[33, 8, -25]",121.2126342,31.2606648,18,博园路,2,95.2952,0,0,0.75,0.25,1.3465355,0
178,"[35, 9, -26]",121.2147387,31.2606648,18,博园路,2,98.7782,383.164,0,1,0,1.3465355,0
206,"[14, -3, -17]",121.1926415,31.26222246,9,安智路,2,27.9786,207.45,0,0.5,0.5,1.952919162,0
210,"[22, 1, -21]",121.2010595,31.26222246,9,新黄路,3,14.8615,414.966,0.222222222,0.111111111,0.666666667,1.952919162,0
212,"[26, 3, -23]",121.2052685,31.26222246,9,嘉松北路,2,45.9625,175.072,1,0,0,1.952919162,0
214,"[30, 5, -25]",121.2094775,31.26222246,13,博园路,2,19.9655,399.155,0,0.5,0.5,2.550954341,0
215,"[32, 6, -26]",121.211582,31.26222246,18,博园路,2,54.7796,268.542,0,0.5,0.5,1.3465355,0
217,"[36, 8, -28]",121.215791,31.26222246,18,文化街,3,36.2243,229.944,0.125,0,0.875,1.3465355,0
218,"[38, 9, -29]",121.2178955,31.26222246,18,钱家村路,3,6.81009,103.854,0.5,0.5,0,1.3465355,0
219,"[40, 10, -30]",121.22,31.26222246,18,东港路,3,110.061,108.14,0,1,0,1.3465355,0
229,"[60, 20, -40]",121.241045,31.26222246,26,博园路,2,273.836,0,1,0,0,1.415405553,0
233,"[68, 24, -44]",121.249463,31.26222246,27,博园路,2,37.067,463.678,0.5,0,0.5,2.502350299,0
234,"[70, 25, -45]",121.2515675,31.26222246,27,博园路,2,2.02179,542.42,0,0.333333333,0.666666667,2.502350299,0
246,"[13, -5, -18]",121.1915892,31.26378013,6,安智路,2,221.784,70.6448,0.333333333,0.666666667,0,2.211797923,0
247,"[15, -4, -19]",121.1936937,31.26378013,8,安智路,2,110.893,140.036,0.666666667,0.333333333,0,1.067687702,0
248,"[17, -3, -20]",121.1957982,31.26378013,8,安智路,2,46.962,338.042,0,0.5,0.5,1.067687702,0
251,"[23, 0, -23]",121.2021117,31.26378013,9,博园路,2,46.3448,276.919,0.5,0.5,0,1.952919162,0
252,"[25, 1, -24]",121.2042162,31.26378013,9,嘉松北路,2,4.00376,76.8875,0.5,0,0.5,1.952919162,0
253,"[27, 2, -25]",121.2063207,31.26378013,9,博园路,2,3.21237,123.172,0.333333333,0.333333333,0.333333333,1.952919162,0
254,"[29, 3, -26]",121.2084252,31.26378013,13,新黄西路,3,16.3188,323.204,0,1,0,2.550954341,0
255,"[31, 4, -27]",121.2105297,31.26378013,13,新黄路,3,7.2546,288.836,0.166666667,0.833333333,0,2.550954341,0
256,"[33, 5, -28]",121.2126342,31.26378013,13,劳动街,3,13.379,209.398,0.428571429,0.285714286,0.285714286,2.550954341,0
257,"[35, 6, -29]",121.2147387,31.26378013,18,文化街,3,44.4966,37.2038,0.5,0,0.5,1.3465355,0
258,"[37, 7, -30]",121.2168432,31.26378013,18,钱家村路,3,23.5568,197.374,0.2,0.6,0.2,1.3465355,0
259,"[39, 8, -31]",121.2189477,31.26378013,18,博园路,2,50.8664,138.123,0.714285714,0.285714286,0,1.3465355,0
264,"[49, 13, -36]",121.2294702,31.26378013,22,许家村路,3,213.892,556.753,0,1,0,2.668819504,0
265,"[51, 14, -37]",121.2315747,31.26378013,22,博园路,2,355.594,743.456,0,1,0,2.668819504,0
266,"[53, 15, -38]",121.2336792,31.26378013,21,博园路,2,314.991,0,0,1,0,1.460107371,0
267,"[55, 16, -39]",121.2357837,31.26378013,26,博园路,2,255.036,0,0.5,0.5,0,1.415405553,0
268,"[57, 17, -40]",121.2378882,31.26378013,26,博园路,2,197.057,0,0,1,0,1.415405553,0
272,"[65, 21, -44]",121.2463062,31.26378013,26,杏花路,3,19.4734,345.302,0.25,0.25,0.5,1.415405553,0
273,"[67, 22, -45]",121.2484107,31.26378013,27,牡丹路,3,8.04859,280.015,1,0,0,2.502350299,0
274,"[69, 23, -46]",121.2505152,31.26378013,27,白玉兰路,3,9.46686,342.954,1,0,0,2.502350299,0
275,"[71, 24, -47]",121.2526197,31.26378013,27,联西路,3,39.7923,486.673,0,1,0,2.502350299,0
288,"[12, -7, -19]",121.190537,31.2653378,6,博园路,2,394.442,216.686,0.166666667,0.833333333,0,2.211797923,0
289,"[14, -6, -20]",121.1926415,31.2653378,6,博园路,2,214.24,146.832,1,0,0,2.211797923,0
290,"[16, -5, -21]",121.194746,31.2653378,8,博园路,2,50.5847,276.05,0.5,0,0.5,1.067687702,0
291,"[18, -4, -22]",121.1968505,31.2653378,8,博园路,2,63.4421,217.351,0,1,0,1.067687702,0
292,"[20, -3, -23]",121.198955,31.2653378,8,博园路,2,96.7335,365.601,0,1,0,1.067687702,0
295,"[26, 0, -26]",121.2052685,31.2653378,8,嘉松北路,2,79.6663,174.429,0.5,0.5,0,1.067687702,0
298,"[32, 3, -29]",121.211582,31.2653378,13,罗家路,3,89.0254,111.223,0,0.333333333,0.666666667,2.550954341,0
299,"[34, 4, -30]",121.2136865,31.2653378,13,新黄路,3,1.4832,168.325,0.5,0.375,0.125,2.550954341,0
300,"[36, 5, -31]",121.215791,31.2653378,18,劳动街,3,48.5507,165.712,0.363636364,0.545454545,0.090909091,1.3465355,0
301,"[38, 6, -32]",121.2178955,31.2653378,18,许家村路,3,51.1544,179.648,0.866666667,0.133333333,0,1.3465355,0
303,"[42, 8, -34]",121.2221045,31.2653378,18,博园路,2,39.976,359.365,0.5,0,0.5,1.3465355,0
304,"[44, 9, -35]",121.224209,31.2653378,22,许家村路,3,27.8254,286.454,0.222222222,0,0.777777778,2.668819504,0
307,"[50, 12, -38]",121.2305225,31.2653378,22,博园路,2,187.635,464.683,0,1,0,2.668819504,0
308,"[52, 13, -39]",121.232627,31.2653378,21,博园路,2,169.759,618.841,0,0.5,0.5,1.460107371,0
309,"[54, 14, -40]",121.2347315,31.2653378,21,博园路,2,119.808,793.737,0,1,0,1.460107371,0
310,"[56, 15, -41]",121.236836,31.2653378,26,博园路,2,60.4644,0,0.333333333,0.333333333,0.333333333,1.415405553,0
311,"[58, 16, -42]",121.2389405,31.2653378,26,博园路,2,0.192709,0,0.5,0.25,0.25,1.415405553,0
313,"[62, 18, -44]",121.2431495,31.2653378,26,博园路,2,109.102,513.332,0,1,0,1.415405553,0
314,"[64, 19, -45]",121.245254,31.2653378,26,G15沈海高速,1,23.2509,320.393,1,0,0,1.415405553,0
315,"[66, 20, -46]",121.2473585,31.2653378,27,芙蓉路,3,2.73376,147.685,0.333333333,0,0.666666667,2.502350299,0
316,"[68, 21, -47]",121.249463,31.2653378,27,文明大道,3,26.0205,144.941,1,0,0,2.502350299,0
317,"[70, 22, -48]",121.2515675,31.2653378,27,联西路,3,31.1014,316.588,0.25,0.75,0,2.502350299,0
318,"[72, 23, -49]",121.253672,31.2653378,27,联冯路,3,32.7418,0,0,1,0,2.502350299,0
319,"[74, 24, -50]",121.2557765,31.2653378,27,联冯路,3,48.0966,0,0,0.5,0.5,2.502350299,0
332,"[11, -9, -20]",121.1894847,31.26689547,6,博园路,2,445.081,411.015,0,0.8,0.2,2.211797923,0
334,"[15, -7, -22]",121.1936937,31.26689547,8,博园路,2,54.1113,343.727,0.5,0.5,0,1.067687702,0
335,"[17, -6, -23]",121.1957982,31.26689547,8,博园路,2,120.867,17.3665,1,0,0,1.067687702,0
338,"[23, -3, -26]",121.2021117,31.26689547,8,朱家村路,3,41.8259,24.2218,0.25,0.75,0,1.067687702,0
341,"[29, 0, -29]",121.2084252,31.26689547,13,新黄西路,3,104.889,0,1,0,0,2.550954341,0
342,"[31, 1, -30]",121.2105297,31.26689547,13,罗家路,3,19.7798,234.125,0.125,0,0.875,2.550954341,0
343,"[33, 2, -31]",121.2126342,31.26689547,13,柴家弄,3,8.74346,162.895,1,0,0,2.550954341,0
344,"[35, 3, -32]",121.2147387,31.26689547,13,黄渡·绿苑路,3,69.3604,41.5184,0.714285714,0.142857143,0.142857143,2.550954341,0
345,"[37, 4, -33]",121.2168432,31.26689547,17,新黄路,3,39.8283,22.2757,0.375,0.25,0.375,13.56698033,0
348,"[43, 7, -36]",121.2231567,31.26689547,22,许家村路,3,131.961,270.723,1,0,0,2.668819504,0
349,"[45, 8, -37]",121.2252612,31.26689547,22,博园路,2,61.6238,139.551,1,0,0,2.668819504,0
350,"[47, 9, -38]",121.2273657,31.26689547,22,博园路,2,7.56894,214.295,1,0,0,2.668819504,0
352,"[51, 11, -40]",121.2315747,31.26689547,21,博园路,2,10.6138,449.337,0.333333333,0.666666667,0,1.460107371,0
353,"[53, 12, -41]",121.2336792,31.26689547,21,淞阳南路,3,10.0387,639.488,0,1,0,1.460107371,0
355,"[57, 14, -43]",121.2378882,31.26689547,26,博园路,2,126.98,0,1,0,0,1.415405553,0
356,"[59, 15, -44]",121.2399927,31.26689547,26,联群路,2,14.6595,0,0,1,0,1.415405553,0
357,"[61, 16, -45]",121.2420972,31.26689547,26,联群路,2,184.462,605.767,0.5,0.5,0,1.415405553,0
358,"[63, 17, -46]",121.2442017,31.26689547,26,G15沈海高速,1,85.6958,407.538,0,1,0,1.415405553,0
359,"[65, 18, -47]",121.2463062,31.26689547,27,长寿路,3,44.8838,212.703,1,0,0,2.502350299,0
360,"[67, 19, -48]",121.2484107,31.26689547,27,丰联环路,3,26.7847,66.4723,0.5,0.5,0,2.502350299,0
361,"[69, 20, -49]",121.2505152,31.26689547,27,联西支路,3,4.59664,208.869,0.9,0.1,0,2.502350299,0
362,"[71, 21, -50]",121.2526197,31.26689547,27,联西路,3,99.6746,0,1,0,0,2.502350299,0
369,"[85, 28, -57]",121.2673512,31.26689547,28,联星路,3,181.33,422.84,0.5,0.5,0,3.139014279,0
370,"[87, 29, -58]",121.2694557,31.26689547,28,曹丰路,3,5.91312,311.288,0,0.666666667,0.333333333,3.139014279,0
378,"[12, -10, -22]",121.190537,31.26845314,6,博园路,2,336.455,508.435,0,0.5,0.5,2.211797923,0
379,"[14, -9, -23]",121.1926415,31.26845314,8,博园路,2,136.91,489.996,0.333333333,0.666666667,0,1.067687702,0
381,"[18, -7, -25]",121.1968505,31.26845314,8,博园路,2,249.283,93.6001,1,0,0,1.067687702,0
382,"[20, -6, -26]",121.198955,31.26845314,8,朱家村路,3,297.381,292.502,1,0,0,1.067687702,0
385,"[26, -3, -29]",121.2052685,31.26845314,8,朱家村路,3,74.7183,362.489,0,1,0,1.067687702,0
386,"[28, -2, -30]",121.207373,31.26845314,7,嘉松北路,2,38.9196,299.588,0,0.5,0.5,14.82035928,0
387,"[30, -1, -31]",121.2094775,31.26845314,13,罗家路,3,7.3086,234.56,0,1,0,2.550954341,0
388,"[32, 0, -32]",121.211582,31.26845314,13,绿苑支路,3,144.737,198.927,1,0,0,2.550954341,0
389,"[34, 1, -33]",121.2136865,31.26845314,13,绿苑支路,3,47.5811,190.658,0.923076923,0.076923077,0,2.550954341,0
390,"[36, 2, -34]",121.215791,31.26845314,17,黄渡·绿苑路,3,103.86,59.9919,0.5,0,0.5,13.56698033,0
391,"[38, 3, -35]",121.2178955,31.26845314,17,新黄路,3,14.9214,218.092,0.428571429,0.142857143,0.428571429,13.56698033,0
393,"[42, 5, -37]",121.2221045,31.26845314,21,春亭路,3,0.333827,336.345,1,0,0,1.460107371,0
394,"[44, 6, -38]",121.224209,31.26845314,22,春亭路,3,121.264,63.0439,0.5,0.5,0,2.668819504,0
395,"[46, 7, -39]",121.2263135,31.26845314,22,春荣路,3,57.3828,82.8409,0.5,0.333333333,0.166666667,2.668819504,0
396,"[48, 8, -40]",121.228418,31.26845314,22,东街路,3,67.3519,117.706,0.5,0,0.5,2.668819504,0
398,"[52, 10, -42]",121.232627,31.26845314,25,东街路,3,10.2032,517.584,0,1,0,39.57035928,0
402,"[60, 14, -46]",121.241045,31.26845314,26,联群路,2,102.415,741.888,0,1,0,1.415405553,0
403,"[62, 15, -47]",121.2431495,31.26845314,26,G15沈海高速,1,211.384,556.349,0,1,0,1.415405553,0
404,"[64, 16, -48]",121.245254,31.26845314,26,G15沈海高速,1,13.51,335.284,0,0.333333333,0.666666667,1.415405553,0
405,"[66, 17, -49]",121.2473585,31.26845314,26,花园路,3,16.1846,260.448,1,0,0,1.415405553,0
406,"[68, 18, -50]",121.249463,31.26845314,27,发展路,3,3.80748,258.903,0.5,0,0.5,2.502350299,0
407,"[70, 19, -51]",121.2515675,31.26845314,27,联西路,3,78.8898,275.565,0.875,0.125,0,2.502350299,0
408,"[72, 20, -52]",121.253672,31.26845314,27,张介路,3,102.509,0,0,1,0,2.502350299,0
409,"[74, 21, -53]",121.2557765,31.26845314,27,张介路,3,107.571,0,0,1,0,2.502350299,0
410,"[76, 22, -54]",121.257881,31.26845314,27,冯东路,3,238.841,0,0,1,0,2.502350299,0
411,"[78, 23, -55]",121.2599855,31.26845314,27,冯东路,3,158.077,0,0,1,0,2.502350299,0
415,"[86, 27, -59]",121.2684035,31.26845314,28,曹丰路,3,141.488,237.239,0,1,0,3.139014279,0
416,"[88, 28, -60]",121.270508,31.26845314,28,曹丰路,3,49.9036,120.062,0.285714286,0.285714286,0.428571429,3.139014279,0
427,"[15, -10, -25]",121.1936937,31.27001081,8,博园路,2,56.0137,675.796,0.5,0,0.5,1.067687702,0
428,"[17, -9, -26]",121.1957982,31.27001081,8,博园路,2,131.876,106.938,0.5,0.5,0,1.067687702,0
432,"[25, -5, -30]",121.2042162,31.27001081,8,杭桂路,3,106.612,329.341,1,0,0,1.067687702,0
433,"[27, -4, -31]",121.2063207,31.27001081,7,杭桂路,3,61.54,163.7,1,0,0,14.82035928,0
434,"[29, -3, -32]",121.2084252,31.27001081,7,嘉松北路,2,38.4462,158.621,0.857142857,0,0.142857143,14.82035928,0
435,"[31, -2, -33]",121.2105297,31.27001081,7,嘉松北路,2,60.657,58.0046,0.4,0.2,0.4,14.82035928,0
436,"[33, -1, -34]",121.2126342,31.27001081,13,黄渡·绿苑路,3,64.8253,10.1681,1,0,0,2.550954341,0
437,"[35, 0, -35]",121.2147387,31.27001081,17,黄渡·绿苑路,3,107.967,138.801,1,0,0,13.56698033,0
438,"[37, 1, -36]",121.2168432,31.27001081,16,新黄路,3,143.824,119.021,0.5,0.5,0,10.5445509,0
439,"[39, 2, -37]",121.2189477,31.27001081,17,新黄路,3,35.6018,101.699,0.5,0.5,0,13.56698033,0
441,"[43, 4, -39]",121.2231567,31.27001081,21,东街新路,3,20.005,261.698,0,1,0,1.460107371,0
442,"[45, 5, -40]",121.2252612,31.27001081,21,春亭路,3,6.99205,213.453,0.666666667,0.333333333,0,1.460107371,0
443,"[47, 6, -41]",121.2273657,31.27001081,21,春亭路,3,0.803111,268.126,0.5,0,0.5,1.460107371,0
450,"[61, 13, -48]",121.2420972,31.27001081,26,联群路,2,217.064,544.455,0.666666667,0.333333333,0,1.415405553,0
451,"[63, 14, -49]",121.2442017,31.27001081,26,G15沈海高速,1,139.093,356.612,0,1,0,1.415405553,0
452,"[65, 15, -50]",121.2463062,31.27001081,26,G15沈海高速,1,42.6076,459.653,0.5,0,0.5,1.415405553,0
453,"[67, 16, -51]",121.2484107,31.27001081,26,发展路,3,24.6387,412.866,0.75,0.25,0,1.415405553,0
454,"[69, 17, -52]",121.2505152,31.27001081,27,联西路,3,2.80011,115.625,0,0.5,0.5,2.502350299,0
455,"[71, 18, -53]",121.2526197,31.27001081,27,曹联路,3,68.1475,315.636,0,1,0,2.502350299,0
456,"[73, 19, -54]",121.2547242,31.27001081,27,张介路,3,66.4793,0,0,1,0,2.502350299,0
458,"[77, 21, -56]",121.2589332,31.27001081,27,曹联支路,3,194.654,0,1,0,0,2.502350299,0
459,"[79, 22, -57]",121.2610377,31.27001081,27,曹联支路,3,12.8992,0,0,1,0,2.502350299,0
460,"[81, 23, -58]",121.2631422,31.27001081,27,曹联支路,3,167.056,0,0,1,0,2.502350299,0
461,"[83, 24, -59]",121.2652467,31.27001081,27,联星路,3,143.248,467.667,0,1,0,2.502350299,0
462,"[85, 25, -60]",121.2673512,31.27001081,28,联星路,3,42.4071,268.583,0.2,0.6,0.2,3.139014279,0
463,"[87, 26, -61]",121.2694557,31.27001081,28,曹丰路,3,98.6393,117.426,0.5,0.5,0,3.139014279,0
466,"[93, 29, -64]",121.2757692,31.27001081,28,曹安公路,1,33.4909,229.197,0,0.333333333,0.666666667,3.139014279,0
474,"[12, -13, -25]",121.190537,31.27156848,8,安虹路,2,225.643,262.126,0,1,0,1.067687702,0
475,"[14, -12, -26]",121.1926415,31.27156848,8,博园路,2,125.736,298.931,0.666666667,0.333333333,0,1.067687702,0
476,"[16, -11, -27]",121.194746,31.27156848,8,博园路,2,51.5357,111.475,1,0,0,1.067687702,0
477,"[18, -10, -28]",121.1968505,31.27156848,8,研茂路,3,143.725,124.584,0.25,0.75,0,1.067687702,0
481,"[26, -6, -32]",121.2052685,31.27156848,7,杭桂路,3,72.6331,209.425,1,0,0,14.82035928,0
482,"[28, -5, -33]",121.207373,31.27156848,7,罗家路,3,238.642,47.0676,1,0,0,14.82035928,0
483,"[30, -4, -34]",121.2094775,31.27156848,7,嘉松北路,2,128.432,201.457,0.5,0.5,0,14.82035928,0
484,"[32, -3, -35]",121.211582,31.27156848,20,嘉松北路,2,17.1568,398.707,0.5,0.333333333,0.166666667,2.357245509,0
485,"[34, -2, -36]",121.2136865,31.27156848,17,嘉松北路,2,82.1767,72.5036,0.25,0.75,0,13.56698033,0
487,"[38, 0, -38]",121.2178955,31.27156848,16,新黄支路,3,86.3708,127.097,0.5,0.5,0,10.5445509,0
491,"[46, 4, -42]",121.2263135,31.27156848,21,东街新路,3,113.178,389.519,0,0.666666667,0.333333333,1.460107371,0
492,"[48, 5, -43]",121.228418,31.27156848,21,东街路,3,80.1108,372.593,0,1,0,1.460107371,0
495,"[54, 8, -46]",121.2347315,31.27156848,21,淞阳南路,3,112.04,799.933,0,1,0,1.460107371,0
496,"[56, 9, -47]",121.236836,31.27156848,21,春亭路,3,147.76,0,0,1,0,1.460107371,0
497,"[58, 10, -48]",121.2389405,31.27156848,26,联群路,2,56.74,0,1,0,0,1.415405553,0
499,"[62, 12, -50]",121.2431495,31.27156848,26,G15沈海高速,1,264.607,423.694,0.666666667,0,0.333333333,1.415405553,0
501,"[66, 14, -52]",121.2473585,31.27156848,26,春浓路,2,42.4092,32.0717,0.5,0.5,0,1.415405553,0
502,"[68, 15, -53]",121.249463,31.27156848,26,联西路,3,95.4429,178.367,0,1,0,1.415405553,0
503,"[70, 16, -54]",121.2515675,31.27156848,27,联西路,3,104.578,277.613,0.166666667,0.333333333,0.5,2.502350299,0
504,"[72, 17, -55]",121.253672,31.27156848,27,曹联路,3,44.8779,450.923,0.666666667,0.333333333,0,2.502350299,0
505,"[74, 18, -56]",121.2557765,31.27156848,27,曹联路,3,42.9735,0,0.333333333,0.666666667,0,2.502350299,0
506,"[76, 19, -57]",121.257881,31.27156848,27,曹联路,3,131.64,0,0,1,0,2.502350299,0
507,"[78, 20, -58]",121.2599855,31.27156848,27,曹联支路,3,29.6947,0,0.5,0.5,0,2.502350299,0
509,"[82, 22, -60]",121.2641945,31.27156848,27,联星路,3,301.788,0,1,0,0,2.502350299,0
510,"[84, 23, -61]",121.266299,31.27156848,28,联星路,3,117.269,0,0.333333333,0.666666667,0,3.139014279,0
512,"[88, 25, -63]",121.270508,31.27156848,28,曹丰路,3,54.118,226.525,0.428571429,0.571428571,0,3.139014279,0
513,"[90, 26, -64]",121.2726125,31.27156848,28,曹安公路,1,32.473,171.208,0,0.5,0.5,3.139014279,0
514,"[92, 27, -65]",121.274717,31.27156848,28,曹安公路,1,54.2708,33.5244,0.5,0.333333333,0.166666667,3.139014279,0
515,"[94, 28, -66]",121.2768215,31.27156848,28,翔江公路,2,18.1438,230.105,0.25,0,0.75,3.139014279,0
517,"[98, 30, -68]",121.2810305,31.27156848,28,倪家桥路,3,62.2205,230.335,0,0.5,0.5,3.139014279,0
520,"[7, -17, -24]",121.1852757,31.27312615,6,博园路,2,174.788,99.5012,0.5,0,0.5,2.211797923,0
521,"[9, -16, -25]",121.1873802,31.27312615,6,博园路,2,139.789,127.176,1,0,0,2.211797923,0
522,"[11, -15, -26]",121.1894847,31.27312615,6,博园路,2,154.877,320.088,0,0.5,0.5,2.211797923,0
523,"[13, -14, -27]",121.1915892,31.27312615,9,安虹路,2,52.4473,71.4229,0.5,0.5,0,1.952919162,0
524,"[15, -13, -28]",121.1936937,31.27312615,9,创研路,3,13.6049,221.863,1,0,0,1.952919162,0
525,"[17, -12, -29]",121.1957982,31.27312615,9,研茂路,3,17.3654,110.914,1,0,0,1.952919162,0
526,"[19, -11, -30]",121.1979027,31.27312615,6,研茂路,3,35.6826,235.376,0,1,0,2.211797923,0
531,"[29, -6, -35]",121.2084252,31.27312615,7,黄渡·绿苑路,3,183.075,240.076,0,1,0,14.82035928,0
532,"[31, -5, -36]",121.2105297,31.27312615,20,黄渡·绿苑路,3,13.7453,332.76,0.333333333,0.333333333,0.333333333,2.357245509,0
533,"[33, -4, -37]",121.2126342,31.27312615,20,嘉松北路,2,107.357,258.92,0.5,0.5,0,2.357245509,0
534,"[35, -3, -38]",121.2147387,31.27312615,20,嘉松北路,2,14.9737,217.069,0.25,0.25,0.5,2.357245509,0
535,"[37, -2, -39]",121.2168432,31.27312615,16,胜达路,3,93.4747,288.887,1,0,0,10.5445509,0
536,"[39, -1, -40]",121.2189477,31.27312615,16,新黄路,3,69.8913,310.862,0,0.5,0.5,10.5445509,0
537,"[41, 0, -41]",121.2210522,31.27312615,16,新黄路,3,128.611,435.687,0,1,0,10.5445509,0
538,"[43, 1, -42]",121.2231567,31.27312615,21,金易路,3,82.7288,0,0,1,0,1.460107371,0
539,"[45, 2, -43]",121.2252612,31.27312615,21,曹安公路辅路,2,30.9686,558.162,0,1,0,1.460107371,0
540,"[47, 3, -44]",121.2273657,31.27312615,20,曹安公路辅路,2,0.556626,527.069,0,1,0,2.357245509,0
542,"[51, 5, -46]",121.2315747,31.27312615,21,曹安公路辅路,2,24.9815,0,0,1,0,1.460107371,0
543,"[53, 6, -47]",121.2336792,31.27312615,21,淞阳南路,3,23.7779,702.523,0.333333333,0,0.666666667,1.460107371,0
544,"[55, 7, -48]",121.2357837,31.27312615,26,曹安公路辅路,2,72.7581,693.582,0,1,0,1.415405553,0
545,"[57, 8, -49]",121.2378882,31.27312615,26,曹安公路辅路,2,98.227,767.168,0,1,0,1.415405553,0
546,"[59, 9, -50]",121.2399927,31.27312615,26,联群路,2,51.7812,0,0,1,0,1.415405553,0
548,"[63, 11, -52]",121.2442017,31.27312615,26,曹安公路辅路,2,163.101,377.637,0,1,0,1.415405553,0
549,"[65, 12, -53]",121.2463062,31.27312615,26,G15沈海高速,1,6.20285,231.015,0,0.333333333,0.666666667,1.415405553,0
550,"[67, 13, -54]",121.2484107,31.27312615,26,西经一路,3,75.5802,210.098,0,1,0,1.415405553,0
551,"[69, 14, -55]",121.2505152,31.27312615,26,联西路,3,6.0465,339.018,0,1,0,1.415405553,0
552,"[71, 15, -56]",121.2526197,31.27312615,27,东纬二路,3,85.9024,469.855,0,1,0,2.502350299,0
553,"[73, 16, -57]",121.2547242,31.27312615,27,新庙路,3,43.9536,0,0,1,0,2.502350299,0
554,"[75, 17, -58]",121.2568287,31.27312615,27,曹联路,3,69.2505,0,0.5,0,0.5,2.502350299,0
555,"[77, 18, -59]",121.2589332,31.27312615,27,曹联支路,3,13.2061,475.941,0,1,0,2.502350299,0
556,"[79, 19, -60]",121.2610377,31.27312615,27,曹联支路,3,135.7,378.022,0,1,0,2.502350299,0
558,"[83, 21, -62]",121.2652467,31.27312615,27,曹安公路辅路,2,235.915,0,0,0.571428571,0.428571429,2.502350299,0
559,"[85, 22, -63]",121.2673512,31.27312615,28,联星路,3,70.4998,0,0.5,0.5,0,3.139014279,0
560,"[87, 23, -64]",121.2694557,31.27312615,28,曹安公路,1,37.6596,240.905,0,0.666666667,0.333333333,3.139014279,0
561,"[89, 24, -65]",121.2715602,31.27312615,28,曹安公路,1,50.0399,312.917,0.5,0.5,0,3.139014279,0
562,"[91, 25, -66]",121.2736647,31.27312615,28,曹安公路,1,152.155,172.405,0,1,0,3.139014279,0
563,"[93, 26, -67]",121.2757692,31.27312615,28,翔江公路,2,53.4723,203.817,0,1,0,3.139014279,0
568,"[6, -19, -25]",121.1842235,31.27468382,6,博园路,2,73.9062,220.169,1,0,0,2.211797923,0
569,"[8, -18, -26]",121.186328,31.27468382,6,博园路,2,13.1343,122.464,0.666666667,0,0.333333333,2.211797923,0
570,"[10, -17, -27]",121.1884325,31.27468382,6,博园路,2,16.7858,258.062,0,1,0,2.211797923,0
571,"[12, -16, -28]",121.190537,31.27468382,6,博园路,2,20.9168,176.005,1,0,0,2.211797923,0
572,"[14, -15, -29]",121.1926415,31.27468382,8,安虹路,2,84.2637,144.067,1,0,0,1.067687702,0
574,"[18, -13, -31]",121.1968505,31.27468382,6,创研路,3,92.0985,303.628,0,1,0,2.211797923,0
578,"[26, -9, -35]",121.2052685,31.27468382,6,杭桂路,3,45.737,363.508,0.25,0.5,0.25,2.211797923,0
579,"[28, -8, -36]",121.207373,31.27468382,12,杭桂路,3,237.752,158.58,1,0,0,25.36221557,0
580,"[30, -7, -37]",121.2094775,31.27468382,20,黄渡·绿苑路,3,73.0171,269.515,0,1,0,2.357245509,0
581,"[32, -6, -38]",121.211582,31.27468382,15,黄渡·绿苑路,3,117.074,138.723,1,0,0,14.22835329,0
582,"[34, -5, -39]",121.2136865,31.27468382,15,嘉松北路,2,164.493,124.734,1,0,0,14.22835329,0
583,"[36, -4, -40]",121.215791,31.27468382,15,嘉松北路,2,3.37179,198.806,0,0.666666667,0.333333333,14.22835329,0
584,"[38, -3, -41]",121.2178955,31.27468382,16,协通支路,3,1.89466,112.695,0.333333333,0.333333333,0.333333333,10.5445509,0
585,"[40, -2, -42]",121.22,31.27468382,16,新黄路,3,13.1629,256.677,0,0.666666667,0.333333333,10.5445509,0
586,"[42, -1, -43]",121.2221045,31.27468382,20,曹安公路辅路,2,3.23969,411.168,0,1,0,2.357245509,0
587,"[44, 0, -44]",121.224209,31.27468382,20,曹安公路辅路,2,68.9976,564.759,0,1,0,2.357245509,0
588,"[46, 1, -45]",121.2263135,31.27468382,20,曹安公路辅路,2,128.733,669.76,0,1,0,2.357245509,0
589,"[48, 2, -46]",121.228418,31.27468382,21,曹安公路辅路,2,144.334,551.945,0,1,0,1.460107371,0
590,"[50, 3, -47]",121.2305225,31.27468382,24,曹安公路4514弄,2,16.5537,490.624,0,1,0,25.07384322,0
591,"[52, 4, -48]",121.232627,31.27468382,24,淞阳路,3,60.3478,506.739,0,1,0,25.07384322,0
595,"[60, 8, -52]",121.241045,31.27468382,26,曹安公路辅路,2,11.0487,0,0.5,0.5,0,1.415405553,0
596,"[62, 9, -53]",121.2431495,31.27468382,26,曹安公路,1,2.10856,0,0,1,0,1.415405553,0
597,"[64, 10, -54]",121.245254,31.27468382,26,曹安公路辅路,2,2.75721,0,0,1,0,1.415405553,0
598,"[66, 11, -55]",121.2473585,31.27468382,26,曹安公路,1,32.4615,369.44,0.5,0.5,0,1.415405553,0
599,"[68, 12, -56]",121.249463,31.27468382,26,曹安公路辅路,2,46.7884,0,0.666666667,0.333333333,0,1.415405553,0
600,"[70, 13, -57]",121.2515675,31.27468382,26,东经一路,3,49.1548,527.321,0,1,0,1.415405553,0
602,"[74, 15, -59]",121.2557765,31.27468382,27,曹安公路辅路,2,113.497,0,0,1,0,2.502350299,0
603,"[76, 16, -60]",121.257881,31.27468382,27,曹联路,3,45.0975,450.484,0,1,0,2.502350299,0
604,"[78, 17, -61]",121.2599855,31.27468382,27,曹安公路辅路,2,121.375,281.63,0.5,0.5,0,2.502350299,0
605,"[80, 18, -62]",121.26209,31.27468382,27,曹安公路辅路,2,105.619,188.947,1,0,0,2.502350299,0
606,"[82, 19, -63]",121.2641945,31.27468382,27,曹安公路辅路,2,90.8294,268.5,0.333333333,0.666666667,0,2.502350299,0
607,"[84, 20, -64]",121.266299,31.27468382,28,曹安公路辅路,2,36.0488,0,1,0,0,3.139014279,0
608,"[86, 21, -65]",121.2684035,31.27468382,28,曹安公路,1,43.1716,0,0.6,0.4,0,3.139014279,0
609,"[88, 22, -66]",121.270508,31.27468382,28,星华公路,2,71.419,338.577,1,0,0,3.139014279,0
610,"[90, 23, -67]",121.2726125,31.27468382,28,星华公路,2,58.2207,371.939,0.666666667,0.333333333,0,3.139014279,0
611,"[92, 24, -68]",121.274717,31.27468382,28,星华公路,2,45.2731,331.89,0.25,0.75,0,3.139014279,0
612,"[94, 25, -69]",121.2768215,31.27468382,28,星华公路,2,31.2743,402.46,0.666666667,0.333333333,0,3.139014279,0
613,"[96, 26, -70]",121.278926,31.27468382,28,星华公路,2,7.58028,388.757,0.5,0,0.5,3.139014279,0
614,"[98, 27, -71]",121.2810305,31.27468382,28,星华公路,2,73.3858,226.846,0,0.666666667,0.333333333,3.139014279,0
618,"[7, -20, -27]",121.1852757,31.27624149,6,荣威三路,3,110.502,89.342,0.5,0.5,0,2.211797923,0
619,"[9, -19, -28]",121.1873802,31.27624149,3,荣威大道,3,7.88749,139.919,0.5,0.5,0,11.05383234,0
620,"[11, -18, -29]",121.1894847,31.27624149,3,安研路,3,0.180803,225.297,0.75,0,0.25,11.05383234,0
621,"[13, -17, -30]",121.1915892,31.27624149,6,安研路,3,150.987,56.0228,1,0,0,2.211797923,0
622,"[15, -16, -31]",121.1936937,31.27624149,2,安拓路,3,118.077,181.435,0.333333333,0.666666667,0,13.44341317,0
623,"[17, -15, -32]",121.1957982,31.27624149,6,安虹路辅路,3,3.7898,376.476,0,1,0,2.211797923,0
624,"[19, -14, -33]",121.1979027,31.27624149,6,横河路,3,10.613,502.06,1,0,0,2.211797923,0
626,"[23, -12, -35]",121.2021117,31.27624149,6,横河路,3,12.092,468.496,1,0,0,2.211797923,0
627,"[25, -11, -36]",121.2042162,31.27624149,6,横河路,3,27.431,289.357,0.5,0,0.5,2.211797923,0
628,"[27, -10, -37]",121.2063207,31.27624149,12,杭桂路,3,90.6129,82.792,1,0,0,25.36221557,0
629,"[29, -9, -38]",121.2084252,31.27624149,12,黄渡·绿苑路,3,202.898,119.757,1,0,0,25.36221557,0
630,"[31, -8, -39]",121.2105297,31.27624149,20,黄渡·绿苑路,3,5.71558,226.843,0,1,0,2.357245509,0
631,"[33, -7, -40]",121.2126342,31.27624149,15,玉麦路,3,100.689,88.1455,1,0,0,14.22835329,0
632,"[35, -6, -41]",121.2147387,31.27624149,15,玉麦路,3,10.17,209.968,1,0,0,14.22835329,0
633,"[37, -5, -42]",121.2168432,31.27624149,15,嘉松北路,2,5.78261,94.1396,0.666666667,0.333333333,0,14.22835329,0
634,"[39, -4, -43]",121.2189477,31.27624149,16,曹安公路,1,14.1114,135.118,0.375,0.375,0.25,10.5445509,0
635,"[41, -3, -44]",121.2210522,31.27624149,20,曹安公路,1,76.0907,219.413,0.5,0,0.5,2.357245509,0
636,"[43, -2, -45]",121.2231567,31.27624149,20,曹安公路辅路,2,172.317,397.531,1,0,0,2.357245509,0
637,"[45, -1, -46]",121.2252612,31.27624149,20,曹安公路辅路,2,267.906,589.851,0,1,0,2.357245509,0
638,"[47, 0, -47]",121.2273657,31.27624149,20,曹安公路4514弄,2,295.006,477.416,0.5,0.5,0,2.357245509,0
646,"[63, 8, -55]",121.2442017,31.27624149,26,杨林南路,3,10.0663,0,0,1,0,1.415405553,0
647,"[65, 9, -56]",121.2463062,31.27624149,26,春浓路,2,25.3551,0,0.1875,0.125,0.6875,1.415405553,0
648,"[67, 10, -57]",121.2484107,31.27624149,26,曹安公路辅路,2,105.487,0,0,1,0,1.415405553,0
649,"[69, 11, -58]",121.2505152,31.27624149,26,曹安公路辅路,2,80.4938,0,0,0.5,0.5,1.415405553,0
650,"[71, 12, -59]",121.2526197,31.27624149,26,曹安公路辅路,2,58.3268,0,0,1,0,1.415405553,0
651,"[73, 13, -60]",121.2547242,31.27624149,26,曹安公路辅路,2,35.6825,0,0,0.333333333,0.666666667,1.415405553,0
652,"[75, 14, -61]",121.2568287,31.27624149,27,曹安公路辅路,2,16.3017,0,0.2,0.4,0.4,2.502350299,0
654,"[79, 16, -63]",121.2610377,31.27624149,27,曹安公路辅路,2,25.8287,110.133,0,1,0,2.502350299,0
657,"[85, 19, -66]",121.2673512,31.27624149,28,环球一路,3,8.70518,0,0.8,0.2,0,3.139014279,0
658,"[87, 20, -67]",121.2694557,31.27624149,28,星华公路,2,95.6269,0,0.5,0.5,0,3.139014279,0
659,"[89, 21, -68]",121.2715602,31.27624149,28,星华公路,2,107.377,0,1,0,0,3.139014279,0
661,"[93, 23, -70]",121.2757692,31.27624149,28,翔江公路,2,17.276,520.157,0,0.5,0.5,3.139014279,0
662,"[95, 24, -71]",121.2778737,31.27624149,28,星华公路,2,150.083,0,0,0.666666667,0.333333333,3.139014279,0
668,"[8, -21, -29]",121.186328,31.27779916,3,高泉路,3,41.6853,229.275,0,0.5,0.5,11.05383234,0
669,"[10, -20, -30]",121.1884325,31.27779916,3,荣威二路,3,22.0746,322.744,0,0.6,0.4,11.05383234,0
670,"[12, -19, -31]",121.190537,31.27779916,2,荣威大道,3,28.5301,231.436,0.6,0.2,0.2,13.44341317,0
671,"[14, -18, -32]",121.1926415,31.27779916,2,安拓路,3,58.9353,39.917,1,0,0,13.44341317,0
672,"[16, -17, -33]",121.194746,31.27779916,6,安拓路,3,77.708,237.756,0.666666667,0.333333333,0,2.211797923,0
673,"[18, -16, -34]",121.1968505,31.27779916,6,安虹路,2,24.4859,437.565,0.5,0.5,0,2.211797923,0
674,"[20, -15, -35]",121.198955,31.27779916,6,横河路,3,99.1965,701.407,0.666666667,0.333333333,0,2.211797923,0
677,"[26, -12, -38]",121.2052685,31.27779916,12,杭桂路,3,72.929,197.406,1,0,0,25.36221557,0
678,"[28, -11, -39]",121.207373,31.27779916,20,杭桂路,3,69.6857,189.872,1,0,0,2.357245509,0
679,"[30, -10, -40]",121.2094775,31.27779916,20,杭桂路,3,81.3256,78.8818,0.333333333,0.666666667,0,2.357245509,0
680,"[32, -9, -41]",121.211582,31.27779916,15,玉麦路,3,9.5662,195.063,0.555555556,0.222222222,0.222222222,14.22835329,0
681,"[34, -8, -42]",121.2136865,31.27779916,15,玉麦路,3,100.497,87.8739,1,0,0,14.22835329,0
682,"[36, -7, -43]",121.215791,31.27779916,20,曹安公路,1,68.5318,239.598,1,0,0,2.357245509,0
683,"[38, -6, -44]",121.2178955,31.27779916,19,嘉松北路,2,21.5213,131.674,0,0.25,0.75,0.640980539,0
684,"[40, -5, -45]",121.22,31.27779916,19,嘉松北路,2,134.681,84.9798,0.333333333,0.666666667,0,0.640980539,0
685,"[42, -4, -46]",121.2221045,31.27779916,20,曹安公路辅路,2,271.979,277.682,0.666666667,0.333333333,0,2.357245509,0
686,"[44, -3, -47]",121.224209,31.27779916,19,曹安公路辅路,2,371.575,476.441,1,0,0,0.640980539,0
687,"[46, -2, -48]",121.2263135,31.27779916,19,春海路,3,393.942,480.823,1,0,0,0.640980539,0
689,"[50, 0, -50]",121.2305225,31.27779916,24,曹安公路4514弄,2,130.269,152.746,1,0,0,25.07384322,0
693,"[58, 4, -54]",121.2389405,31.27779916,26,春意路,3,26.2715,493.07,0.5,0.5,0,1.415405553,0
694,"[60, 5, -55]",121.241045,31.27779916,26,春意路,3,69.0801,0,0,1,0,1.415405553,0
695,"[62, 6, -56]",121.2431495,31.27779916,26,春意路,3,111.019,0,0,1,0,1.415405553,0
696,"[64, 7, -57]",121.245254,31.27779916,26,春浓路,2,99.9074,0,0,1,0,1.415405553,0
699,"[70, 10, -60]",121.2515675,31.27779916,26,曹安公路辅路,2,241.829,0,0,1,0,1.415405553,0
700,"[72, 11, -61]",121.253672,31.27779916,26,方块路,3,50.603,0,0,0.5,0.5,1.415405553,0
701,"[74, 12, -62]",121.2557765,31.27779916,26,方块路,3,148.182,0,0,1,0,1.415405553,0
702,"[76, 13, -63]",121.257881,31.27779916,27,宝园七路,3,77.0187,0,0.6,0.4,0,2.502350299,0
707,"[86, 18, -68]",121.2684035,31.27779916,28,环球四路,3,77.4362,0,0.666666667,0.333333333,0,3.139014279,0
708,"[88, 19, -69]",121.270508,31.27779916,28,宝园六路,3,199.329,360.77,1,0,0,3.139014279,0
719,"[11, -21, -32]",121.1894847,31.27935683,3,名爵四路,3,13.7855,307.078,0,0.25,0.75,11.05383234,0
720,"[13, -20, -33]",121.1915892,31.27935683,3,荣威大道,3,14.4021,170.93,0.5,0.5,0,11.05383234,0
721,"[15, -19, -34]",121.1936937,31.27935683,2,安研路,3,66.2012,210.091,0.333333333,0.666666667,0,13.44341317,0
722,"[17, -18, -35]",121.1957982,31.27935683,6,安研路,3,213.923,372.931,0.5,0.5,0,2.211797923,0
723,"[19, -17, -36]",121.1979027,31.27935683,6,安虹路,2,68.4708,560.366,0.25,0.5,0.25,2.211797923,0
726,"[25, -14, -39]",121.2042162,31.27935683,6,杭桂路,3,257.054,301.879,1,0,0,2.211797923,0
727,"[27, -13, -40]",121.2063207,31.27935683,6,杭桂路,3,130.146,16.0377,0.333333333,0.666666667,0,2.211797923,0
728,"[29, -12, -41]",121.2084252,31.27935683,12,杭桂路,3,75.5074,188.316,0.5,0,0.5,25.36221557,0
729,"[31, -11, -42]",121.2105297,31.27935683,20,黄渡·绿苑路,3,66.1624,91.1593,0.714285714,0.285714286,0,2.357245509,0
730,"[33, -10, -43]",121.2126342,31.27935683,15,黄渡·绿苑路,3,125.447,116.721,0.727272727,0.272727273,0,14.22835329,0
731,"[35, -9, -44]",121.2147387,31.27935683,15,曹安公路,1,3.29497,152.632,1,0,0,14.22835329,0
732,"[37, -8, -45]",121.2168432,31.27935683,20,同嘉大道,3,66.3245,61.7228,0.333333333,0.666666667,0,2.357245509,0
733,"[39, -7, -46]",121.2189477,31.27935683,19,嘉松北路,2,36.4294,215.211,0,1,0,0.640980539,0
734,"[41, -6, -47]",121.2210522,31.27935683,19,嘉松北路,2,120.668,276.044,0,1,0,0.640980539,0
735,"[43, -5, -48]",121.2231567,31.27935683,19,嘉松北路,2,285.222,431.376,0.285714286,0.714285714,0,0.640980539,0
737,"[47, -3, -50]",121.2273657,31.27935683,19,春海路,3,229.288,361.301,1,0,0,0.640980539,0
738,"[49, -2, -51]",121.2294702,31.27935683,24,春海路,3,54.5809,163.127,1,0,0,25.07384322,0
739,"[51, -1, -52]",121.2315747,31.27935683,24,春海路,3,43.554,51.7919,1,0,0,25.07384322,0
740,"[53, 0, -53]",121.2336792,31.27935683,26,春海路,3,43.7713,37.2329,1,0,0,1.415405553,0
742,"[57, 2, -55]",121.2378882,31.27935683,26,星塔路,3,20.2483,369.238,0.5,0,0.5,1.415405553,0
743,"[59, 3, -56]",121.2399927,31.27935683,26,春意路,3,121.808,569.045,0.5,0,0.5,1.415405553,0
744,"[61, 4, -57]",121.2420972,31.27935683,26,春意路,3,79.3149,0,0,1,0,1.415405553,0
745,"[63, 5, -58]",121.2442017,31.27935683,26,春意路,3,37.3787,0,0,1,0,1.415405553,0
746,"[65, 6, -59]",121.2463062,31.27935683,26,春意路,3,0,0,0,1,0,1.415405553,0
748,"[69, 8, -61]",121.2505152,31.27935683,26,G15沈海高速,1,244.808,0,0,1,0,1.415405553,0
749,"[71, 9, -62]",121.2526197,31.27935683,26,方块路,3,172.53,0,0,1,0,1.415405553,0
750,"[73, 10, -63]",121.2547242,31.27935683,26,黑桃路,3,10.8774,0,0,1,0,1.415405553,0
768,"[10, -23, -33]",121.1884325,31.2809145,3,高泉路,3,41.9713,491.846,0,1,0,11.05383234,0
769,"[12, -22, -34]",121.190537,31.2809145,3,荣威三路,3,15.5041,369.911,0,1,0,11.05383234,0
770,"[14, -21, -35]",121.1926415,31.2809145,2,名爵六路,3,9.83506,334.298,0,1,0,13.44341317,0
771,"[16, -20, -36]",121.194746,31.2809145,2,安研路,3,23.7674,408.274,0,1,0,13.44341317,0
772,"[18, -19, -37]",121.1968505,31.2809145,6,安研路,3,105.014,549.198,0,1,0,2.211797923,0
773,"[20, -18, -38]",121.198955,31.2809145,6,安虹路,2,50.4532,409.696,1,0,0,2.211797923,0
776,"[26, -15, -41]",121.2052685,31.2809145,11,杭桂路,3,329.995,383.336,0.041666667,0.958333333,0,0.297946963,0
777,"[28, -14, -42]",121.207373,31.2809145,11,杭桂路,3,259.621,203.832,1,0,0,0.297946963,0
778,"[30, -13, -43]",121.2094775,31.2809145,11,黄渡·绿苑路,3,194.831,121.795,1,0,0,0.297946963,0
779,"[32, -12, -44]",121.211582,31.2809145,20,黄渡·绿苑路,3,2.46578,315.473,0.6875,0.3125,0,2.357245509,0
780,"[34, -11, -45]",121.2136865,31.2809145,20,曹安公路,1,43.8783,159.234,0,1,0,2.357245509,0
781,"[36, -10, -46]",121.215791,31.2809145,20,同嘉大道,3,69.9531,344.79,0,1,0,2.357245509,0
782,"[38, -9, -47]",121.2178955,31.2809145,19,嘉二路,3,67.4485,184.743,0,1,0,0.640980539,0
783,"[40, -8, -48]",121.22,31.2809145,19,嘉三路,3,13.3563,299.366,0.25,0.75,0,0.640980539,0
788,"[50, -3, -53]",121.2305225,31.2809145,23,春雨路,3,59.4679,51.0507,0.666666667,0.333333333,0,1.412508704,0
789,"[52, -2, -54]",121.232627,31.2809145,23,淞阳路,3,8.22135,162.696,0.5,0.5,0,1.412508704,0
790,"[54, -1, -55]",121.2347315,31.2809145,23,淞塔路,3,11.3389,95.8881,1,0,0,1.412508704,0
793,"[60, 2, -58]",121.241045,31.2809145,23,春雨路,3,110.44,0,0,0.666666667,0.333333333,1.412508704,0
795,"[64, 4, -60]",121.245254,31.2809145,26,春浓路,2,57.6847,0,0,1,0,1.415405553,0
796,"[66, 5, -61]",121.2473585,31.2809145,26,G15沈海高速,1,75.5348,0,0,1,0,1.415405553,0
798,"[70, 7, -63]",121.2515675,31.2809145,26,曹朱路,3,217.562,0,0,1,0,1.415405553,0
799,"[72, 8, -64]",121.253672,31.2809145,26,曹朱路,3,95.3312,0,0,1,0,1.415405553,0
815,"[5, -27, -32]",121.1831712,31.28247217,6,于田南路,2,49.2216,30.4408,0.333333333,0.666666667,0,2.211797923,0
816,"[7, -26, -33]",121.1852757,31.28247217,6,于田南路,2,88.6219,228.293,0.5,0,0.5,2.211797923,0
817,"[9, -25, -34]",121.1873802,31.28247217,6,高泉路,3,226.041,0,1,0,0,2.211797923,0
818,"[11, -24, -35]",121.1894847,31.28247217,3,高泉路,3,165.349,0,0,1,0,11.05383234,0
819,"[13, -23, -36]",121.1915892,31.28247217,6,荣威三路,3,43.3791,509.309,0,1,0,2.211797923,0
820,"[15, -22, -37]",121.1936937,31.28247217,6,名爵七路,3,6.10141,523.752,0,0.5,0.5,2.211797923,0
821,"[17, -21, -38]",121.1957982,31.28247217,6,安研路,3,18.0034,529.472,0.25,0.25,0.5,2.211797923,0
822,"[19, -20, -39]",121.1979027,31.28247217,11,名爵八路,3,60.0552,401.147,0,1,0,0.297946963,0
826,"[27, -16, -43]",121.2063207,31.28247217,11,曹安公路辅路,2,247.044,173.135,0.25,0.75,0,0.297946963,0
827,"[29, -15, -44]",121.2084252,31.28247217,11,曹安公路辅路,2,130.298,67.9984,1,0,0,0.297946963,0
828,"[31, -14, -45]",121.2105297,31.28247217,11,曹安公路辅路,2,1.50784,243.447,0.5,0.5,0,0.297946963,0
829,"[33, -13, -46]",121.2126342,31.28247217,20,同嘉大道,3,14.2383,214.3,0.5,0,0.5,2.357245509,0
830,"[35, -12, -47]",121.2147387,31.28247217,20,嘉园路,3,112.064,328.892,0,1,0,2.357245509,0
831,"[37, -11, -48]",121.2168432,31.28247217,19,同丁路,3,32.9992,245.005,0,1,0,0.640980539,0
832,"[39, -10, -49]",121.2189477,31.28247217,19,嘉二路,3,25.3688,151.373,0,1,0,0.640980539,0
833,"[41, -9, -50]",121.2210522,31.28247217,19,嘉三路,3,16.9241,256.501,0,1,0,0.640980539,0
834,"[43, -8, -51]",121.2231567,31.28247217,19,嘉松北路,2,91.9259,434.356,0.25,0.75,0,0.640980539,0
835,"[45, -7, -52]",121.2252612,31.28247217,19,谢春路,3,82.1252,449.504,0,1,0,0.640980539,0
837,"[49, -5, -54]",121.2294702,31.28247217,23,春雨路,3,129.945,158.537,0.5,0.5,0,1.412508704,0
838,"[51, -4, -55]",121.2315747,31.28247217,23,淞阳路,3,100.399,50.6906,1,0,0,1.412508704,0
839,"[53, -3, -56]",121.2336792,31.28247217,23,淞阳路,3,99.394,8.43129,0.5,0.5,0,1.412508704,0
840,"[55, -2, -57]",121.2357837,31.28247217,23,春雨路,3,115.351,193.519,0,1,0,1.412508704,0
842,"[59, 0, -59]",121.2399927,31.28247217,23,春雨路,3,79.5348,593.481,0,1,0,1.412508704,0
843,"[61, 1, -60]",121.2420972,31.28247217,23,春雨路,3,39.5953,0,0,1,0,1.412508704,0
844,"[63, 2, -61]",121.2442017,31.28247217,23,春雨路,3,1.30697,0,0.333333333,0.666666667,0,1.412508704,0
845,"[65, 3, -62]",121.2463062,31.28247217,23,春浓路,2,49.8693,0,0,1,0,1.412508704,0
865,"[8, -27, -35]",121.186328,31.28402984,6,于田南路,2,43.1901,376.666,1,0,0,2.211797923,0
866,"[10, -26, -36]",121.1884325,31.28402984,6,曹安公路,1,142.583,359.928,0.857142857,0.142857143,0,2.211797923,0
867,"[12, -25, -37]",121.190537,31.28402984,6,曹安公路,1,110.841,429.981,0,1,0,2.211797923,0
868,"[14, -24, -38]",121.1926415,31.28402984,6,名爵八路,3,27.1225,471.182,0,0.666666667,0.333333333,2.211797923,0
869,"[16, -23, -39]",121.194746,31.28402984,6,名爵八路,3,3.87012,372.343,0,1,0,2.211797923,0
870,"[18, -22, -40]",121.1968505,31.28402984,4,名爵九路,3,64.1789,367.793,0,1,0,3.139598802,0
871,"[20, -21, -41]",121.198955,31.28402984,4,安虹路,2,10.7933,285.455,0.333333333,0.333333333,0.333333333,3.139598802,0
872,"[22, -20, -42]",121.2010595,31.28402984,11,曹安公路,1,154.799,94.7014,1,0,0,0.297946963,0
876,"[30, -16, -46]",121.2094775,31.28402984,11,曹安公路辅路,2,34.1426,267.935,0,0.5,0.5,0.297946963,0
877,"[32, -15, -47]",121.211582,31.28402984,11,嘉园路,3,68.869,342.175,0.333333333,0.666666667,0,0.297946963,0
878,"[34, -14, -48]",121.2136865,31.28402984,19,中央大道,3,4.43411,0,0,1,0,0.640980539,0
879,"[36, -13, -49]",121.215791,31.28402984,19,嘉二路,3,86.0176,293.603,0,1,0,0.640980539,0
880,"[38, -12, -50]",121.2178955,31.28402984,19,同丁路,3,1.44636,95.359,0.5,0.5,0,0.640980539,0
881,"[40, -11, -51]",121.22,31.28402984,19,嘉三路,3,12.1859,109.434,0,1,0,0.640980539,0
883,"[44, -9, -53]",121.224209,31.28402984,19,嘉松北路,2,114.712,347.023,0.25,0.5,0.25,0.640980539,0
884,"[46, -8, -54]",121.2263135,31.28402984,19,谢春路,3,3.50757,258.002,0,1,0,0.640980539,0
885,"[48, -7, -55]",121.228418,31.28402984,19,春塔路,3,125.736,266.159,0,1,0,0.640980539,0
886,"[50, -6, -56]",121.2305225,31.28402984,23,春塔路,3,24.8347,93.9163,1,0,0,1.412508704,0
887,"[52, -5, -57]",121.232627,31.28402984,23,淞阳路,3,7.88404,163.679,0.5,0.25,0.25,1.412508704,0
888,"[54, -4, -58]",121.2347315,31.28402984,23,春塔路,3,37.7042,141.432,0,1,0,1.412508704,0
889,"[56, -3, -59]",121.236836,31.28402984,23,春塔路,3,29.7837,323.392,0,1,0,1.412508704,0
890,"[58, -2, -60]",121.2389405,31.28402984,23,星塔路,3,1.48853,518.793,0,1,0,1.412508704,0
891,"[60, -1, -61]",121.241045,31.28402984,23,星塔路,3,2.71938,0,1,0,0,1.412508704,0
892,"[62, 0, -62]",121.2431495,31.28402984,23,星塔路,3,41.7022,0,0,1,0,1.412508704,0
893,"[64, 1, -63]",121.245254,31.28402984,23,春浓路,2,27.877,0,0,1,0,1.412508704,0
912,"[5, -30, -35]",121.1831712,31.28558751,1,高泉路,3,5.28272,191.786,0.5,0,0.5,7.557035928,0
914,"[9, -28, -37]",121.1873802,31.28558751,1,曹安公路,1,3.59543,194.669,1,0,0,7.557035928,0
916,"[13, -26, -39]",121.1915892,31.28558751,1,曹安公路,1,50.8119,249.684,0,0.5,0.5,7.557035928,0
917,"[15, -25, -40]",121.1936937,31.28558751,1,曹安公路,1,60.6702,277.358,0,1,0,7.557035928,0
918,"[17, -24, -41]",121.1957982,31.28558751,6,曹安公路,1,43.9514,183.179,0.75,0.25,0,2.211797923,0
919,"[19, -23, -42]",121.1979027,31.28558751,4,曹安公路,1,27.3724,264.916,0,1,0,3.139598802,0
922,"[25, -20, -45]",121.2042162,31.28558751,5,曹安公路,1,0.527758,202.809,1,0,0,15.44011976,0
923,"[27, -19, -46]",121.2063207,31.28558751,5,曹安公路辅路,2,38.6484,129.4,1,0,0,15.44011976,0
924,"[29, -18, -47]",121.2084252,31.28558751,11,同嘉大道,3,16.3805,268.987,0,1,0,0.297946963,0
925,"[31, -17, -48]",121.2105297,31.28558751,11,同嘉大道,3,143.077,456.017,0,1,0,0.297946963,0
926,"[33, -16, -49]",121.2126342,31.28558751,19,嘉二路,3,114.946,0,0,1,0,0.640980539,0
927,"[35, -15, -50]",121.2147387,31.28558751,19,中央大道,3,21.4716,301.896,0,1,0,0.640980539,0
928,"[37, -14, -51]",121.2168432,31.28558751,19,嘉三路,3,19.2177,143.228,0,1,0,0.640980539,0
929,"[39, -13, -52]",121.2189477,31.28558751,19,同丁路,3,15.0316,207.693,0,1,0,0.640980539,0
932,"[45, -10, -55]",121.2252612,31.28558751,19,谢春路,3,109.897,157.886,0,1,0,0.640980539,0
933,"[47, -9, -56]",121.2273657,31.28558751,19,谢春路,3,89.4801,105.208,0.25,0.75,0,0.640980539,0
934,"[49, -8, -57]",121.2294702,31.28558751,19,春归路,2,153.02,182.977,1,0,0,0.640980539,0
935,"[51, -7, -58]",121.2315747,31.28558751,23,淞阳路,3,84.1818,107.032,1,0,0,1.412508704,0
936,"[53, -6, -59]",121.2336792,31.28558751,23,淞阳路,3,115.644,86.8734,0.5,0.5,0,1.412508704,0
937,"[55, -5, -60]",121.2357837,31.28558751,23,春归路,2,106.043,228.284,0,1,0,1.412508704,0
939,"[59, -3, -62]",121.2399927,31.28558751,23,春归路,2,68.9812,0,0,1,0,1.412508704,0
940,"[61, -2, -63]",121.2420972,31.28558751,23,春归路,2,45.0258,0,0.5,0,0.5,1.412508704,0
941,"[63, -1, -64]",121.2442017,31.28558751,23,春归路,2,20.3756,0,0,1,0,1.412508704,0
942,"[65, 0, -65]",121.2463062,31.28558751,23,春归路,2,0.185333,0,0.75,0.25,0,1.412508704,0
943,"[67, 1, -66]",121.2484107,31.28558751,23,春归路,2,111.719,0,0,1,0,1.412508704,0
961,"[6, -31, -37]",121.1842235,31.28714518,1,曹安公路,1,86.5043,304.116,0,1,0,7.557035928,0
962,"[8, -30, -38]",121.186328,31.28714518,1,于田路,2,36.4366,162.032,0.6,0.2,0.2,7.557035928,0
963,"[10, -29, -39]",121.1884325,31.28714518,1,一号路,3,99.8665,40.0212,0,1,0,7.557035928,0
964,"[12, -28, -40]",121.190537,31.28714518,1,于塘南路,2,84.6898,238.611,0,1,0,7.557035928,0
965,"[14, -27, -41]",121.1926415,31.28714518,1,雅丹路,3,21.8218,219.097,1,0,0,7.557035928,0
966,"[16, -26, -42]",121.194746,31.28714518,6,雅丹路,3,169.914,108.85,1,0,0,2.211797923,0
967,"[18, -25, -43]",121.1968505,31.28714518,4,谢木桥村三路,3,141.298,92.0895,1,0,0,3.139598802,0
968,"[20, -24, -44]",121.198955,31.28714518,4,杨木桥路,3,142.086,154.9,0,1,0,3.139598802,0
970,"[24, -22, -46]",121.203164,31.28714518,5,杨木桥村支路,3,133.771,10.5069,0.692307692,0.153846154,0.153846154,15.44011976,0
971,"[26, -21, -47]",121.2052685,31.28714518,5,曹安公路辅路,2,180.2,78.743,0.5,0.5,0,15.44011976,0
972,"[28, -20, -48]",121.207373,31.28714518,5,李庄环路,3,54.701,147.701,1,0,0,15.44011976,0
973,"[30, -19, -49]",121.2094775,31.28714518,11,同甲路,3,34.2551,342.662,0,1,0,0.297946963,0
974,"[32, -18, -50]",121.211582,31.28714518,11,嘉二路,3,14.8893,0,0,1,0,0.297946963,0
975,"[34, -17, -51]",121.2136865,31.28714518,19,嘉三路,3,47.9364,0,0,1,0,0.640980539,0
976,"[36, -16, -52]",121.215791,31.28714518,19,中央大道,3,5.35802,184.09,0.888888889,0.111111111,0,0.640980539,0
977,"[38, -15, -53]",121.2178955,31.28714518,19,纬一路,3,41.3875,57.1953,0.7,0.2,0.1,0.640980539,0
978,"[40, -14, -54]",121.22,31.28714518,14,纬一路,3,43.4158,51.0425,0.666666667,0.333333333,0,13.33428144,0
979,"[42, -13, -55]",121.2221045,31.28714518,14,广场一路,3,40.3963,157.037,0.928571429,0.071428571,0,13.33428144,0
981,"[46, -11, -57]",121.2263135,31.28714518,19,春归路,2,4.11669,97.1642,0.571428571,0.285714286,0.142857143,0.640980539,0
982,"[48, -10, -58]",121.228418,31.28714518,19,春归路,2,5.7849,188.633,0.333333333,0.333333333,0.333333333,0.640980539,0
983,"[50, -9, -59]",121.2305225,31.28714518,23,春归路,2,21.0556,275.921,0,1,0,1.412508704,0
984,"[52, -8, -60]",121.232627,31.28714518,23,淞阳路,3,20.4351,274.048,0,1,0,1.412508704,0
985,"[54, -7, -61]",121.2347315,31.28714518,23,春归路,2,52.1934,282.266,0,0.2,0.8,1.412508704,0
986,"[56, -6, -62]",121.236836,31.28714518,23,春归路,2,67.5963,0,0,1,0,1.412508704,0
987,"[58, -5, -63]",121.2389405,31.28714518,23,星塔路,3,64.6005,0,0,0.75,0.25,1.412508704,0
989,"[62, -3, -65]",121.2431495,31.28714518,23,春归路,2,132.275,0,0,1,0,1.412508704,0
990,"[64, -2, -66]",121.245254,31.28714518,23,春浓路,2,1.66329,0,0,0.666666667,0.333333333,1.412508704,0
991,"[66, -1, -67]",121.2473585,31.28714518,23,春归路,2,0.369556,0,0.333333333,0.666666667,0,1.412508704,0
992,"[68, 0, -68]",121.249463,31.28714518,23,G15沈海高速,1,95.8122,0,0,1,0,1.412508704,0
1009,"[7, -32, -39]",121.1852757,31.28870285,1,于田路,2,137.816,307.59,0,1,0,7.557035928,0
1011,"[11, -30, -41]",121.1894847,31.28870285,1,一号路,3,74.0728,212.855,1,0,0,7.557035928,0
1012,"[13, -29, -42]",121.1915892,31.28870285,1,于塘南路,2,37.8012,114.816,1,0,0,7.557035928,0
1013,"[15, -28, -43]",121.1936937,31.28870285,1,雅丹路,3,23.6645,105.22,0.666666667,0.333333333,0,7.557035928,0
1014,"[17, -27, -44]",121.1957982,31.28870285,4,谢木桥村三路,3,60.182,163.65,0.5,0.5,0,3.139598802,0
1016,"[21, -25, -46]",121.2000072,31.28870285,4,杨木桥二路,3,31.5593,83.5648,0.176470588,0,0.823529412,3.139598802,0
1017,"[23, -24, -47]",121.2021117,31.28870285,4,杨木桥村支路,3,46.6368,261.117,0,1,0,3.139598802,0
1018,"[25, -23, -48]",121.2042162,31.28870285,5,杨木桥村二路,3,154.182,90.1712,1,0,0,15.44011976,0
1019,"[27, -22, -49]",121.2063207,31.28870285,11,李庄环路,3,213.506,167.545,0,1,0,0.297946963,0
1020,"[29, -21, -50]",121.2084252,31.28870285,11,李庄环路,3,82.8461,326.929,0,1,0,0.297946963,0
1021,"[31, -20, -51]",121.2105297,31.28870285,11,嘉三路,3,14.7825,0,0,1,0,0.297946963,0
1022,"[33, -19, -52]",121.2126342,31.28870285,11,同乙路,3,16.1299,0,0,1,0,0.297946963,0
1023,"[35, -18, -53]",121.2147387,31.28870285,19,同丙路,3,45.294,0,0,0.4,0.6,0.640980539,0
1024,"[37, -17, -54]",121.2168432,31.28870285,19,中央大道,3,13.9543,238.012,0,1,0,0.640980539,0
1025,"[39, -16, -55]",121.2189477,31.28870285,19,嘉四路,3,42.4266,247.31,0,1,0,0.640980539,0
1026,"[41, -15, -56]",121.2210522,31.28870285,14,沿湖路,3,52.5649,113.89,1,0,0,13.33428144,0
1027,"[43, -14, -57]",121.2231567,31.28870285,14,嘉松北路,2,2.14902,148.173,0.5,0,0.5,13.33428144,0
1029,"[47, -12, -59]",121.2273657,31.28870285,19,谢春路,3,76.5235,271.947,0.5,0.5,0,0.640980539,0
1031,"[51, -10, -61]",121.2315747,31.28870285,23,淞阳路,3,81.8936,445.834,0,1,0,1.412508704,0
1032,"[53, -9, -62]",121.2336792,31.28870285,23,淞阳路,3,118.062,432.688,0.5,0.5,0,1.412508704,0
1033,"[55, -8, -63]",121.2357837,31.28870285,23,赵塔路,3,47.6196,481.44,0,1,0,1.412508704,0
1034,"[57, -7, -64]",121.2378882,31.28870285,23,星塔路,3,32.3476,0,0.285714286,0.142857143,0.571428571,1.412508704,0
1035,"[59, -6, -65]",121.2399927,31.28870285,23,星塔路,3,167.523,0,0.5,0.5,0,1.412508704,0
1037,"[63, -4, -67]",121.2442017,31.28870285,23,绿环路,2,67.5303,0,0.333333333,0.333333333,0.333333333,1.412508704,0
1038,"[65, -3, -68]",121.2463062,31.28870285,23,绿环路,2,24.4117,0,0,0.666666667,0.333333333,1.412508704,0
1039,"[67, -2, -69]",121.2484107,31.28870285,23,春归路,2,97.8111,0,0,1,0,1.412508704,0
1040,"[69, -1, -70]",121.2505152,31.28870285,23,G15沈海高速,1,53.003,0,0,1,0,1.412508704,0
1053,"[10, -32, -42]",121.1884325,31.29026052,1,百安公路,2,105.056,337.178,0,1,0,7.557035928,0
1055,"[14, -30, -44]",121.1926415,31.29026052,1,百安公路,2,67.0189,127.495,1,0,0,7.557035928,0
1056,"[16, -29, -45]",121.194746,31.29026052,1,荣轩路,3,74.8095,46.5194,0.857142857,0,0.142857143,7.557035928,0
1058,"[20, -27, -47]",121.198955,31.29026052,4,杨木桥路,3,32.0853,193.561,0,0.5,0.5,3.139598802,0
1061,"[26, -24, -50]",121.2052685,31.29026052,4,谢泾二路,3,174.093,253.121,0.5,0.5,0,3.139598802,0
1062,"[28, -23, -51]",121.207373,31.29026052,11,嘉三路,3,113.519,352.143,0,1,0,0.297946963,0
1063,"[30, -22, -52]",121.2094775,31.29026052,11,李庄环路,3,69.2668,513.733,0,1,0,0.297946963,0
1064,"[32, -21, -53]",121.211582,31.29026052,11,嘉四路,3,89.0231,0,0,1,0,0.297946963,0
1065,"[34, -20, -54]",121.2136865,31.29026052,11,同乙路,3,46.4531,0,0,1,0,0.297946963,0
1067,"[38, -18, -56]",121.2178955,31.29026052,19,中央大道,3,15.9312,356.489,0,0.666666667,0.333333333,0.640980539,0
1068,"[40, -17, -57]",121.22,31.29026052,19,嘉六路,3,39.8642,198.933,0,1,0,0.640980539,0
1069,"[42, -16, -58]",121.2221045,31.29026052,19,昌吉东路,2,43.1907,92.5611,0.666666667,0.333333333,0,0.640980539,0
1071,"[46, -14, -60]",121.2263135,31.29026052,19,谢春路,3,23.6508,431.881,0,1,0,0.640980539,0
1072,"[48, -13, -61]",121.228418,31.29026052,19,绿环路,2,114.629,0,0,1,0,0.640980539,0
1073,"[50, -12, -62]",121.2305225,31.29026052,23,杨林路,3,16.5274,0,0,1,0,1.412508704,0
1074,"[52, -11, -63]",121.232627,31.29026052,23,淞阳路,3,16.235,0,0,0.5,0.5,1.412508704,0
1077,"[58, -8, -66]",121.2389405,31.29026052,23,绿环路,2,36.5744,0,0,1,0,1.412508704,0
1078,"[60, -7, -67]",121.241045,31.29026052,23,绿环路,2,6.32127,0,0.25,0.5,0.25,1.412508704,0
1079,"[62, -6, -68]",121.2431495,31.29026052,23,绿环路,2,57.8916,0,0,1,0,1.412508704,0
1080,"[64, -5, -69]",121.245254,31.29026052,23,春浓路,2,35.3476,0,0.5,0.5,0,1.412508704,0
1094,"[15, -31, -46]",121.1936937,31.29181819,4,百安公路,2,31.0364,118.508,1,0,0,3.139598802,0
1095,"[17, -30, -47]",121.1957982,31.29181819,4,硕丰路,3,61.7697,164.367,0.5,0.5,0,3.139598802,0
1096,"[19, -29, -48]",121.1979027,31.29181819,4,雅丹路,3,4.66227,149.33,0.5,0.5,0,3.139598802,0
1100,"[27, -25, -52]",121.2063207,31.29181819,11,昌吉东路,2,4.52951,447.209,1,0,0,0.297946963,0
1101,"[29, -24, -53]",121.2084252,31.29181819,11,昌吉东路,2,5.43875,547.649,0,1,0,0.297946963,0
1102,"[31, -23, -54]",121.2105297,31.29181819,11,昌吉东路,2,12.8544,0,0,1,0,0.297946963,0
1103,"[33, -22, -55]",121.2126342,31.29181819,11,昌吉东路,2,20.3016,0,0,1,0,0.297946963,0
1106,"[39, -19, -58]",121.2189477,31.29181819,19,昌吉东路,2,56.5838,382.321,0,1,0,0.640980539,0
1108,"[43, -17, -60]",121.2231567,31.29181819,19,嘉松北路,2,28.698,290.098,0,1,0,0.640980539,0
1109,"[45, -16, -61]",121.2252612,31.29181819,19,绿环路,2,93.3801,416.078,0.333333333,0.666666667,0,0.640980539,0
1110,"[47, -15, -62]",121.2273657,31.29181819,19,绿环路,2,63.2603,0,0,1,0,0.640980539,0
1111,"[49, -14, -63]",121.2294702,31.29181819,19,绿环路,2,34.5917,0,0.5,0,0.5,0.640980539,0
1112,"[51, -13, -64]",121.2315747,31.29181819,23,绿环路,2,23.7002,0,0.666666667,0.333333333,0,1.412508704,0
1113,"[53, -12, -65]",121.2336792,31.29181819,23,绿环路,2,40.3283,0,0,0.75,0.25,1.412508704,0
1116,"[59, -9, -68]",121.2399927,31.29181819,23,绿环路,2,148.922,0,0,1,0,1.412508704,0
1117,"[61, -8, -69]",121.2420972,31.29181819,23,绿环路,2,199.676,0,0,1,0,1.412508704,0
1118,"[63, -7, -70]",121.2442017,31.29181819,23,春浓路,2,178.152,0,0,1,0,1.412508704,0
1119,"[65, -6, -71]",121.2463062,31.29181819,23,春浓路,2,28.5874,0,0,1,0,1.412508704,0
1129,"[18, -31, -49]",121.1968505,31.29337586,4,百安公路,2,33.6089,52.014,0.5,0.5,0,3.139598802,0
1130,"[20, -30, -50]",121.198955,31.29337586,4,雅丹路,3,48.7106,71.3561,1,0,0,3.139598802,0
1131,"[22, -29, -51]",121.2010595,31.29337586,4,昌吉东路,2,94.8023,209.44,0.75,0,0.25,3.139598802,0
1139,"[38, -21, -59]",121.2178955,31.29337586,11,春秀路,3,3.4929,576.868,0,1,0,0.297946963,0
1140,"[40, -20, -60]",121.22,31.29337586,19,谢春路,3,77.0543,470.948,1,0,0,0.640980539,0
1142,"[44, -18, -62]",121.224209,31.29337586,19,谢春路,3,43.7614,489.653,1,0,0,0.640980539,0
1143,"[46, -17, -63]",121.2263135,31.29337586,19,谢春路,3,1.69879,607.235,0,0.5,0.5,0.640980539,0
1144,"[48, -16, -64]",121.228418,31.29337586,19,谢春路,3,168.451,0,0,1,0,0.640980539,0
1145,"[50, -15, -65]",121.2305225,31.29337586,23,绿环路,2,200.519,0,0.5,0,0.5,1.412508704,0
1146,"[52, -14, -66]",121.232627,31.29337586,23,绿环路,2,197.241,0,0,1,0,1.412508704,0
1149,"[58, -11, -69]",121.2389405,31.29337586,23,星塔路,3,75.7166,0,0.333333333,0.666666667,0,1.412508704,0
1159,"[19, -32, -51]",121.1979027,31.29493353,4,昌吉东路辅道,3,7.92554,144.925,0.5,0,0.5,3.139598802,0
1160,"[21, -31, -52]",121.2000072,31.29493353,4,昌吉东路辅路,3,3.60397,140.675,1,0,0,3.139598802,0
1161,"[23, -30, -53]",121.2021117,31.29493353,4,昌吉东路辅路,3,85.5379,166.156,1,0,0,3.139598802,0
1164,"[29, -27, -56]",121.2084252,31.29493353,4,谢泾一路,3,0.283345,630.115,1,0,0,3.139598802,0
1166,"[33, -25, -58]",121.2126342,31.29493353,11,谢春路,3,37.9085,0,0,0.2,0.8,0.297946963,0
1167,"[35, -24, -59]",121.2147387,31.29493353,11,谢春路,3,54.0649,0,0,0.5,0.5,0.297946963,0
1168,"[37, -23, -60]",121.2168432,31.29493353,11,谢春路,3,70.7172,774.203,0,1,0,0.297946963,0
1169,"[39, -22, -61]",121.2189477,31.29493353,19,谢春路1650弄,3,86.7739,669.64,0,1,0,0.640980539,0
1170,"[41, -21, -62]",121.2210522,31.29493353,19,谢春路,3,104.428,614.349,0,1,0,0.640980539,0
1172,"[45, -19, -64]",121.2252612,31.29493353,19,谢春路,3,54.9484,689.47,0,0.75,0.25,0.640980539,0
1173,"[47, -18, -65]",121.2273657,31.29493353,19,谢春路,3,14.0569,0,0.2,0.8,0,0.640980539,0
1185,"[22, -32, -54]",121.2010595,31.2964912,4,百安公路,2,43.6467,92.3202,1,0,0,3.139598802,0
1186,"[24, -31, -55]",121.203164,31.2964912,4,百安公路,2,191.085,108.168,1,0,0,3.139598802,0
1191,"[34, -26, -60]",121.2136865,31.2964912,11,春锦路,3,72.1572,0,1,0,0,0.297946963,0
1192,"[36, -25, -61]",121.215791,31.2964912,11,春锦路,3,214.611,0,0,1,0,0.297946963,0
1193,"[38, -24, -62]",121.2178955,31.2964912,11,谢春路1650弄,3,173.06,0,0,1,0,0.297946963,0
1194,"[40, -23, -63]",121.22,31.2964912,11,谢春路1650弄,3,26.6172,0,0,0.5,0.5,0.297946963,0
1203,"[17, -36, -53]",121.1957982,31.29804887,4,交运路,3,78.4437,59.7133,0.5,0.5,0,3.139598802,0
1205,"[21, -34, -55]",121.2000072,31.29804887,4,硕望路,3,144.615,64.6787,0.333333333,0.666666667,0,3.139598802,0
1206,"[23, -33, -56]",121.2021117,31.29804887,4,百安公路,2,21.0024,180.628,1,0,0,3.139598802,0
1207,"[25, -32, -57]",121.2042162,31.29804887,4,百安公路,2,206.078,275.296,1,0,0,3.139598802,0
